상품명,분류,가격,출시날짜,사이즈,성별,판매날짜
Striped Sweater,상의,79990,2023-10-12,M,여,2024-07-15
Slim Fit Jeans,바지,69990,2023-11-25,32,여,2024-03-20
Hooded Sweatshirt,상의,59990,2024-01-05,S,남,2023-12-10
Casual Sneakers,신발,39990,2024-02-18,260,여,2024-08-25
Pleated Skirt,스커트,59990,2024-03-25,M,여,2024-09-10
Bomber Jacket,아우터,89990,2024-05-10,XL,여,2024-01-20
Cotton T-Shirt,상의,49990,2024-06-15,L,남,2024-05-05
Leather Jacket,아우터,129990,2024-07-20,S,여,2023-11-30
Sport Shorts,바지,44990,2024-08-30,30,남,2024-04-10
Chunky Boots,신발,79990,2024-09-25,265,여,2023-10-25
Striped Sweater,상의,79990,2023-10-12,L,남,2024-06-05
Slim Fit Jeans,바지,69990,2023-11-25,34,남,2024-07-20
Hooded Sweatshirt,상의,59990,2024-01-05,M,여,2024-02-15
Casual Sneakers,신발,39990,2024-02-18,270,남,2024-06-30
Pleated Skirt,스커트,59990,2024-03-25,S,여,2023-12-25
Bomber Jacket,아우터,89990,2024-05-10,M,남,2024-03-05
Cotton T-Shirt,상의,49990,2024-06-15,XL,여,2024-02-20
Leather Jacket,아우터,129990,2024-07-20,L,남,2023-10-10
Sport Shorts,바지,44990,2024-08-30,32,여,2024-09-20
Chunky Boots,신발,79990,2024-09-25,270,남,2024-01-15
Striped Sweater,상의,79990,2023-10-12,S,남,2024-03-10
Slim Fit Jeans,바지,69990,2023-11-25,30,여,2024-07-05
Hooded Sweatshirt,상의,59990,2024-01-05,L,남,2024-04-15
Casual Sneakers,신발,39990,2024-02-18,265,여,2024-02-05
Pleated Skirt,스커트,59990,2024-03-25,L,남,2023-10-15
Bomber Jacket,아우터,89990,2024-05-10,S,여,2024-08-10
Cotton T-Shirt,상의,49990,2024-06-15,M,여,2023-12-20
Leather Jacket,아우터,129990,2024-07-20,XL,남,2024-05-20
Sport Shorts,바지,44990,2024-08-30,34,남,2024-09-15
Chunky Boots,신발,79990,2024-09-25,260,여,2024-04-25
Striped Sweater,상의,79990,2023-10-12,M,여,2024-07-15
Slim Fit Jeans,바지,69990,2023-11-25,32,여,2024-03-20
Hooded Sweatshirt,상의,59990,2024-01-05,S,남,2023-12-10
Casual Sneakers,신발,39990,2024-02-18,260,여,2024-08-25
Pleated Skirt,스커트,59990,2024-03-25,M,여,2024-09-10
Bomber Jacket,아우터,89990,2024-05-10,XL,여,2024-01-20
Cotton T-Shirt,상의,49990,2024-06-15,L,남,2024-05-05
Leather Jacket,아우터,129990,2024-07-20,S,여,2023-11-30
Sport Shorts,바지,44990,2024-08-30,30,남,2024-04-10
Chunky Boots,신발,79990,2024-09-25,265,여,2023-10-25
Striped Sweater,상의,79990,2023-10-12,L,남,2024-06-05
Slim Fit Jeans,바지,69990,2023-11-25,34,남,2024-07-20
Hooded Sweatshirt,상의,59990,2024-01-05,M,여,2024-02-15
Casual Sneakers,신발,39990,2024-02-18,270,남,2024-06-30
Pleated Skirt,스커트,59990,2024-03-25,S,여,2023-12-25
Bomber Jacket,아우터,89990,2024-05-10,M,남,2024-03-05
Cotton T-Shirt,상의,49990,2024-06-15,XL,여,2024-02-20
Leather Jacket,아우터,129990,2024-07-20,L,남,2023-10-10
Sport Shorts,바지,44990,2024-08-30,32,여,2024-09-20
Chunky Boots,신발,79990,2024-09-25,270,남,2024-01-15
Striped Sweater,상의,79990,2023-10-12,S,남,2024-03-10
Slim Fit Jeans,바지,69990,2023-11-25,30,여,2024-07-05
Hooded Sweatshirt,상의,59990,2024-01-05,L,남,2024-04-15
Casual Sneakers,신발,39990,2024-02-18,265,여,2024-02-05
Pleated Skirt,스커트,59990,2024-03-25,L,남,2023-10-15
Bomber Jacket,아우터,89990,2024-05-10,S,여,2024-08-10
Cotton T-Shirt,상의,49990,2024-06-15,M,여,2023-12-20
Leather Jacket,아우터,129990,2024-07-20,XL,남,2024-05-20
Sport Shorts,바지,44990,2024-08-30,34,남,2024-09-15
Chunky Boots,신발,79990,2024-09-25,260,여,2024-04-25